Title,Price,link,Date
Nespresso Krups YY1530FD Inissia White Espresso Coffee Maker,"79.,00 €",https://www.amazon.fr/-/en/Nespresso-YY1530FD-Inissia-Espresso-Coffee/dp/B00I96M2JY/ref=sr_1_6,2025-07-25
"De'Longhi Nespresso Inissia EN80.B, Automatic Coffee Machine, Single Cup Capsule Machine, Welcome Set Included, Compact Design, 19 Bars, 1260 W, Black","74.,99 €",https://www.amazon.fr/-/en/DeLonghi-Nespresso-Inissia-Automatic-Included/dp/B00G5YOVZA/ref=sr_1_7,2025-07-25
"H.Koenig EXP820 Professional Automatic Espresso Machine Pressure 20 Bar Stainless Steel, Portable, Thermoblock System, 1.1L, Built-in Barometer Pump, Cup Warmer, Steam Nozzle, Coffee and Milk Drinks","99.,90 €",https://www.amazon.fr/-/en/EXP820-Professional-Automatic-Stainless-Thermoblock/dp/B07YL622DH/ref=sr_1_8,2025-07-25
"Philips L'Or Barista Original, Capsule Coffee Machine, Double Capsule, Double Pleasure, 1 or 2 Cups, Espresso Quality, Black (LM8012/00)","63.,00 €",https://www.amazon.fr/-/en/Philips-Original-Pleasure-Espresso-LM8012/dp/B07M8J4ZXK/ref=sr_1_9,2025-07-25
"De'Longhi Dedica Style EC685.M, Espresso Machine with Professional Milk Frothing Nozzle, Only 15 cm Wide, 1 Litre Tank, Metal Case, Compatible with E.S.E Pods, Metal","154.,59 €",https://www.amazon.fr/-/en/DeLonghi-Espresso-Professional-Frothing-Compatible/dp/B06WGTZ874/ref=sr_1_10,2025-07-25
"Krups Nescafé Dolce Gusto Coffee Machine Multi-Drink Capsule Coffee Machine, 0.8 L, 15 Bars, Compact Coffee Maker, Automatic Shut-off, Adjustable Drink Size, Mini Me, Black/Anthracite KP123810","49.,99 €",https://www.amazon.fr/-/en/Multi-Drink-Automatic-Shut-off-Adjustable-Anthracite/dp/B0CF57ZPC9/ref=sr_1_11,2025-07-25
"Philips 2200 Series Automatic Espresso Machine - 2 Beverages, Classic Milk Frother, Touch Screen, Ceramic Grinder, Aroma Seal, Matte Black (EP2220/10)","239.,00 €",https://www.amazon.fr/-/en/Philips-2200-Automatic-Espresso-Machine/dp/B07MMSHC4R/ref=sr_1_12,2025-07-25
KOTLIE 4 in 1 Coffee Machine for NES/DG/Coffee Powder/ESE (44mm) 19 Bar 800ml,"95.,99 €",https://www.amazon.fr/-/en/KOTLIE-Coffee-Machine-Powder-800ml/dp/B0F8J3TPP1/ref=sr_1_13,2025-07-25
Nespresso Krups YY2910FD Essenza Mini Black Capsule Coffee Maker,"89.,00 €",https://www.amazon.fr/-/en/Nespresso-YY2910FD-Essenza-Capsule-Coffee/dp/B07H8ZK1G6/ref=sr_1_14,2025-07-25
"Senya Tasty Coffee 20 Bar Coffee Machine, Espresso and Cappuccino Coffee Maker 1300W, Thermoblock, Milk Frother, Auto Shut-Off","99.,99 €",https://www.amazon.fr/-/en/Machine-Espresso-Cappuccino-Thermoblock-Shut-Off/dp/B0F3XZ1YL2/ref=sr_1_15,2025-07-25
"Magician1 Coffee Machine Capsules for Nespresso, Dolce Gusto, Lavazza A Modo Mio, ESE 44 mm Pods and Ground Coffee, Adjustable Temperature and Cup Size, 20 Bar, Hot or Cold Coffee Maker","139.,99 €",https://www.amazon.fr/-/en/Magician1-Capsules-Nespresso-Adjustable-Temperature/dp/B0DKJMQM76/ref=sr_1_16,2025-07-25
"Cecotec Express Power Espresso 20 Tradizionale Light Green. 1350 W, Espresso et Cappucicno, 20 bars et thermoblock, vaporisateur, manomètre, design vintage, capacité 1,5 litres","72.,90 €",https://www.amazon.fr/-/en/Cecotec-Tradizionale-Cappucicno-thermoblock-vaporisateur/dp/B0BHTNK9G1/ref=sr_1_20,2025-07-25
"De'Longhi Magnifica S ECAM11.112.B, Automatic Coffee Machine / Espresso Bean to Cup with Milk Nozzle, with 4 One-Touch Recipes, Soft-Touch Control Panel, 1450 W, Black","299.,99 €",https://www.amazon.fr/-/en/Magnifica-ECAM11-112-B-Automatic-One-Touch-Soft-Touch/dp/B0BWSFGQ49/ref=sr_1_21,2025-07-25
"Philips 5400 Series Espresso Machine - Coffee to Grain - LatteGo Milk Frother, 12 Coffee Specialities, Intuitive Display, 4 User Profiles, Chrome (EP5447/90)","483.,99 €",https://www.amazon.fr/-/en/Philips-5400-Espresso-Machine-Specialities/dp/B08CBJ8W9W/ref=sr_1_22,2025-07-25
Tristar Electric Coffee Maker - 750 W - 1.25 L Glass Jug - For 10-12 Cups - Also for Camping - CM-1245,"21.,26 €",https://www.amazon.fr/-/en/Tristar-Electric-Coffee-Maker-Camping/dp/B01N1F30DQ/ref=sr_1_23,2025-07-25
"Ariete Vintage Americano 1342 Coffee Maker, Filter Coffee Maker, Tempered Glass Jug, Up to 12 Cups, 24 Hour Timer, Automatic Shutdown, Anti-Drip, Capacity 1.5 L, 2000 W, Light Blue","88.,90 €",https://www.amazon.fr/-/en/Americano-Tempered-Automatic-Shutdown-Anti-Drip/dp/B01F8TY2UQ/ref=sr_1_24,2025-07-25
"Nescafé Dolce Gusto Krups, Coffee pod machine for multi-drinks, Compact, XL function, Espresso coffee maker, automatic shut-off, Genio S KP243110","76.,89 €",https://www.amazon.fr/-/en/multi-drinks-function-Espresso-automatic-shut-off/dp/B0CF5Z7VCL/ref=sr_1_25,2025-07-25
Nespresso Coffee machine Krups Pixie Titanium YY5290FD,"109.,00 €",https://www.amazon.fr/-/en/Nespresso-Coffee-machine-Titanium-YY5290FD/dp/B0CLRQXFS7/ref=sr_1_26,2025-07-25
"Krups Virtuoso+, Espresso Machine, Pump Coffee Machine, Espresso Machine for Ground Coffee or Pods, 15 Bars, Stainless Steel, Steam Nozzle, Espresso and Cappuccino, XP444G10","149.,99 €",https://www.amazon.fr/-/en/Virtuoso-Espresso-Stainless-Cappuccino-XP444G10/dp/B0C85NMRXP/ref=sr_1_27,2025-07-25
"Cecotec Cafetière espresso compacte Power Espresso 20 Pecan. 1100 W, 20 Bars, Système Thermoblock, Buse orientable, Porte-filtre avec double sortie et 2 filtres, 1,25 litre","63.,90 €",https://www.amazon.fr/-/en/Cecotec-Cafeti%C3%A8re-Thermoblock-orientable-Porte-filtre/dp/B0BQ1JD74H/ref=sr_1_28,2025-07-25
"De'Longhi Stilosa EC260.W Manual Coffee Machine, Pressure 15 Bar, Cappuccino System, Automatic Shut-off, Compatible with ESE Tampons, 2 Stepped Containers, 1 Litre Capacity, White","116.,99 €",https://www.amazon.fr/-/en/EC260-W-Cappuccino-Automatic-Compatible-Containers/dp/B09M8ZSM4W/ref=sr_1_29,2025-07-25
"KRUPS Coffee Bean Grinder Machine, 2 Simultaneous Espresso, Automatic Cleaning, Cappuccino Steam Nozzle, Essential White EA810570","299.,99 €",https://www.amazon.fr/-/en/Simultaneous-Automatic-Cappuccino-Essential-EA810570/dp/B00MZ2F3Z8/ref=sr_1_30,2025-07-25
"Cecotec ColdBrew Express Power Espresso Touch Coffee Machine, ColdBrew System, 20 Bar Pump, Adjustable Steam Nozzle, 1.5L Tank, Double Arm Outlet, Easy Cleaning","89.,90 €",https://www.amazon.fr/-/en/Cecotec-ColdBrew-Espresso-Adjustable-Cleaning/dp/B0BQ1TCC6F/ref=sr_1_31,2025-07-25
Nespresso Coffee Machine Krups Vertuo Plus Matte Black Espresso Coffee Maker YY3922FD,"69.,99 €",https://www.amazon.fr/-/en/Nespresso-Coffee-Machine-Espresso-YY3922FD/dp/B07GC7D8P8/ref=sr_1_36,2025-07-25
"Krups Coffee Bean Machine, 1.7 L, 2 Cups Simultaneously, Automatic Cleaning, Steam Nozzle for Cappuccino, Espresso Maker, Essential Black YY8125FD","299.,99 €",https://www.amazon.fr/-/en/Simultaneously-Automatic-Cappuccino-Essential-YY8125FD/dp/B00I96M2GW/ref=sr_1_37,2025-07-25
"Wëasy KFX32 Automatic Espresso Machine, 20 Bars, 4 Modes, 1.6L Tank, Cup Warmer, Steam Nozzle, Filters & Measuring Spoon","79.,90 €",https://www.amazon.fr/-/en/KFX32-Automatic-Espresso-Machine-Measuring/dp/B08LNMP1TR/ref=sr_1_38,2025-07-25
"BEKO - Automatic espresso machine, coffee beans or ground, Black","365.,68 €",https://www.amazon.fr/-/en/BEKO-Automatic-espresso-machine-coffee/dp/B0D98GL8P2/ref=sr_1_39,2025-07-25
"De'Longhi Nespresso CitiZ EN167.W, Capsule Coffee Machine, Single Cup Coffee Machine, Compact Design, Pressure 19 Bar, 2 Cup Sizes, Welcome Set Included, White","139.,99 €",https://www.amazon.fr/-/en/DeLonghi-Nespresso-EN167-W-Pressure-Included/dp/B01ITGGKBY/ref=sr_1_40,2025-07-25
"Philips Senseo Original Plus Pod Machine, White, Intensity Selector, Coffee Boost Technology, Made with Recycled Plastic, CSA210/11","59.,00 €",https://www.amazon.fr/-/en/Original-Intensity-Technology-CSA210-11/dp/B08WY5Z267/ref=sr_1_41,2025-07-25
"Philips SENSEO Original Plus Coffee Pod Maker, Crema Plus, Aroma Booster Technology, Green Product, Intense Black (CSA210/61)","63.,99 €",https://www.amazon.fr/-/en/Philips-Original-Technology-CSA210-61/dp/B08WY66Q11/ref=sr_1_42,2025-07-25
"Bosch Tassimo Finesse Friendly Multi-Drink Coffee Machine, TAS163E, Over 70 Hot Beverages, IntensityBoost, Coffee Pod Maker, Intellibrew, Red","47.,60 €",https://www.amazon.fr/-/en/Multi-Drink-TAS163E-Beverages-IntensityBoost-Intellibrew/dp/B0CVHCZ8LV/ref=sr_1_43,2025-07-25
"Bestron Coffee maker with insulated cup for ground filter coffee, 2 coffee machine for large cups, ideal for camping, quick preparation, 750 W, Colour: Copper","23.,95 €",https://www.amazon.fr/-/en/Bestron-insulated-machine-camping-preparation/dp/B0BGNSYRDC/ref=sr_1_44,2025-07-25
EQM ECO-212 Descaler for Coffee Machines 1 L 100% Natural Origin Compatible with All Coffee Machines,"5.,50 €",https://www.amazon.fr/-/en/ECO-212-Descaler-Machines-Natural-Compatible/dp/B0CPH8B2DN/ref=sr_1_45,2025-07-25
"CASABREWS Espresso Coffee Maker with Powerful Milk Foam Nozzle, 20Bars Coffee Maker and Cappuccino Machine with Pressure Gauge, 1L Tank, Metal Case, Stainless Steel","135.,09 €",https://www.amazon.fr/-/en/CASABREWS-Espresso-Powerful-Cappuccino-Stainless/dp/B0CC4NVW32/ref=sr_1_46,2025-07-25
"Haier I-Master Series 5 Hot Beverage Prep and Multi-Drink Frother Program, Milk, Coffee, Hot Chocolate, Tea & Infusions, 350ml [Black]","64.,99 €",https://www.amazon.fr/-/en/Haier-I-Master-Multi-Drink-Chocolate-Infusions/dp/B0CJLWYSFH/ref=sr_1_47,2025-07-25
"De'Longhi Coffee Pump Machine, Espresso Machine ECP 33.21.BK, Black H x W x D: 36 x 31.5 x 25.5 cm","115.,00 €",https://www.amazon.fr/-/en/DeLonghi-Coffee-Machine-Espresso-33-21-BK/dp/B013GDE846/ref=sr_1_48,2025-07-25
De'Longhi EC235.BK Stilosa Advanced Pump coffee maker 15 bar 1100 W 1 L Black,"99.,90 €",https://www.amazon.fr/-/en/DeLonghi-EC235-BK-Stilosa-Advanced-coffee/dp/B086RF6YJQ/ref=sr_1_49,2025-07-25
"Nescafé Dolce Gusto KRUPS Capsule Coffee Machine, 15 Bars, Multi-Drinks, Compact Coffee Maker, Automatic Shut-off, Economy Mode, Piccolo XS KP1A3110","51.,53 €",https://www.amazon.fr/-/en/Nescaf%C3%A9-Multi-Drinks-Automatic-Shut-off-KP1A3110/dp/B0CF58PC87/ref=sr_1_50,2025-07-25
"Krups Nescafé Dolce Gusto Coffee Capsule Maker, Pressure 15 Bars, Coffee Pod Machine, Cold or Hot Multi-Drinks, Intuitive, Compact, Eco Fashion, Piccolo XS Rouge KP1A3510","46.,95 €",https://www.amazon.fr/-/en/Nescaf%C3%A9-Pressure-Multi-Drinks-Intuitive-KP1A3510/dp/B08XWKZFRW/ref=sr_1_51,2025-07-25
"CUISINART One Cup Grind And Brew - Coffee Machine with Integrated Grinder | Grind Bean, Single Serve Drip Coffee | Choose 3 Cup Sizes | Reusable Filter Pod | Black","129.,90 €",https://www.amazon.fr/-/en/CUISINART-One-Cup-Grind-Brew/dp/B0CJC74BXN/ref=sr_1_52,2025-07-25
De'Longhi EC 201.CD.B coffee maker,"106.,50 €",https://www.amazon.fr/-/en/DeLonghi-EC-201-CD-B-coffee-maker/dp/B00W506FIY/ref=sr_1_53,2025-07-25
"Juanita GalaSlender Express Semi-automatic Coffee Machine 1350W, 20 Bar, Coffee Maker 1.3L, Double Arm Outlet, Spray Arm, Drip Tray, Stainless Steel Coffee Machine","89.,90 €",https://www.amazon.fr/-/en/Juanita-GalaSlender-Express-Semi-automatic-Stainless/dp/B0D4595F32/ref=sr_1_54,2025-07-25
"Philips Senseo Original Plus CSA210/10 Coffee Pod Machine (Coffee Boost Technology, Recycled Plastic) White","55.,99 €",https://www.amazon.fr/-/en/Original-CSA210-10-Technology-Recycled/dp/B08Z4CHFN1/ref=sr_1_55,2025-07-25
"Barista Coffee Maker with Glass Jug 1L Pure 12 Cups of Coffee, Coffee Bean Machine with Grinder and Digital Display, Timer Function","159.,99 €",https://www.amazon.fr/-/en/Barista-Machine-Grinder-Digital-Function/dp/B07SDDV63F/ref=sr_1_56,2025-07-25
"Juanita Brewsquare Express Semi-Automatic Coffee Machine 850 W, 20 Bars, Coffee Maker, 1.6 L, Double Arm Outlet, Spray Arm, Includes Accessories, Stainless Steel Coffee Machine","69.,90 €",https://www.amazon.fr/-/en/Juanita-Brewsquare-Semi-Automatic-Accessories-Stainless/dp/B0D3WJ9FNC/ref=sr_1_57,2025-07-25
"SEVERIN Automatic Espresso Maker, Up to 4 cups, High Pressure 3.5 bar, Removable tray and drainer, 0.22L Black, KA 5978","45.,64 €",https://www.amazon.fr/-/en/Automatic-Espresso-Removable-KA-5978/dp/B00U0AEL7I/ref=sr_1_58,2025-07-25
SENCOR COFFEE MACHINE EXPRESSO AND CAPUCINO SES 1720WH,"75.,99 €",https://www.amazon.fr/-/en/MACHINE-EXPRESSO-CAPUCINO-SES-1720WH/dp/B0D47QG6RP/ref=sr_1_59,2025-07-25
"Philips Senseo Maestro Machine à Café à Dosettes avec Réservoir d'Eau de 1,2 Litre, Sélection de l'Intensité du Café et Fonction Mémo, Produit Vert, Couleur : Blanc","84.,99 €",https://www.amazon.fr/-/en/Dosettes-R%C3%A9servoir-S%C3%A9lection-lIntensit%C3%A9-Fonction/dp/B0BFJGSB2Y/ref=sr_1_60,2025-07-25
"Princess Coffee Machine - Multicapsules - Compatible with Nespresso™, Dolce Gusto, Lavazza® a Modo Mio & E.S.E Pods - 0.8 L - 1450 W, 01.249451.01.001","91.,99 €",https://www.amazon.fr/-/en/Princess-Coffee-Machine-Multicapsules-01-249451-01-001/dp/B0B9GZGJ35/ref=sr_1_53,2025-07-25
De'Longhi EC235.BK Stilosa Advanced Pump coffee maker 15 bar 1100 W 1 L Black,"99.,90 €",https://www.amazon.fr/-/en/DeLonghi-EC235-BK-Stilosa-Advanced-coffee/dp/B086RF6YJQ/ref=sr_1_54,2025-07-25
"GRIFEMA GC3003, Espresso and Cappuccino Coffee Maker, 1350 W Coffee Machine, Automatic Espresso Machine (Width: 145 mm), Steam Nozzle, 20 Bars, Aluminium Alloy, Silver, Amazon Exclusive","79.,14 €",https://www.amazon.fr/-/en/GRIFEMA-GC3003-Espresso-Cappuccino-Automatic/dp/B09JGBQSHH/ref=sr_1_55,2025-07-25
"KOTLIE AC-513HF 5-in-1 Multifunctional Coffee Machine for NES/for DG/Coffee Powder/ESE Pads (44mm)/for a modo mio, suitable for high cups (Black)","109.,99 €",https://www.amazon.fr/-/en/KOTLIE-AC-513HF-Multifunctional-Machine-suitable/dp/B0CLZRPSHT/ref=sr_1_56,2025-07-25
"De'Longhi Stilosa EC 260.BK Traditional Filter Holder Machine with Drum, Professional Milk Frother for Espresso or ESE Powder, 1L Water Tank, Black, 1100W","119.,41 €",https://www.amazon.fr/-/en/DeLonghi-Stilosa-Traditional-Professional-Espresso/dp/B085J8LBXF/ref=sr_1_57,2025-07-25
"Nescafé Dolce Gusto Krups Coffee Capsule Maker, Multi Drink Coffee Maker, Pressure 15 Bars, Capacity 0.8 L, XL Function, Automatic Shut-off, Genio S Plus Grey KP340B10","98.,00 €",https://www.amazon.fr/-/en/Pressure-Capacity-Function-Automatic-Shut-off/dp/B0B5ZM5XLM/ref=sr_1_58,2025-07-25
Cecotec 6 Cup Coffee Drip Coffee Maker,"38.,90 €",https://www.amazon.fr/-/en/Cecotec-Cup-Coffee-Drip-Maker/dp/B07MLSZXZY/ref=sr_1_59,2025-07-25
"Juanita Brewsquare Express Semi-Automatic Coffee Machine 850 W, 20 Bars, Coffee Maker, 1.6 L, Double Arm Outlet, Spray Arm, Includes Accessories, Stainless Steel Coffee Machine","69.,90 €",https://www.amazon.fr/-/en/Juanita-Brewsquare-Semi-Automatic-Accessories-Stainless/dp/B0D3WJ9FNC/ref=sr_1_60,2025-07-25
EQM ECO-212 Descaler for Coffee Machines 1 L 100% Natural Origin Compatible with All Coffee Machines,"5.,50 €",https://www.amazon.fr/-/en/ECO-212-Descaler-Machines-Natural-Compatible/dp/B0CPH8B2DN/ref=sr_1_61,2025-07-25
"Philips 5400 Series Espresso Machine - Coffee to Grain - LatteGo Milk Frother, 12 Coffee Specialities, Intuitive Display, 4 User Profiles, Chrome (EP5447/90)","483.,99 €",https://www.amazon.fr/-/en/Philips-5400-Espresso-Machine-Specialities/dp/B08CBJ8W9W/ref=sr_1_62,2025-07-25
Theo Klein Bosch Tassimo 9543 Automatic Coffee Maker with Water Filling and Draining Possibility and Very Realistic Sound | Also Includes Espresso Set | Dimensions: 20 cm x 16 cm x 20 cm | Toy for,"29.,99 €",https://www.amazon.fr/-/en/9543-Automatic-Possibility-Realistic-Dimensions/dp/B00IYZ8WK8/ref=sr_1_63,2025-07-25
De'Longhi ECP 31.21 Espresso Machine | Filter Holder with Aluminium Finish | Milk Foam Nozzle | 1 or 2 Espresso Cups | Also Suitable for Pods | Black,"112.,00 €",https://www.amazon.fr/-/en/DeLonghi-Espresso-Machine-Aluminium-Suitable/dp/B013GDEAI0/ref=sr_1_64,2025-07-25
Delta Q Quick Black Coffee Maker for Hot Drinks and Coffees Simple and Practical Stylish Design Easy to Use 1200W Power 116 x 257 x 350 mm,"61.,48 €",https://www.amazon.fr/-/en/Coffee-Drinks-Coffees-Practical-Stylish/dp/B08JCMNB8X/ref=sr_1_68,2025-07-25
"Warriors1 5-in-1 Capsule Coffee Machine for Nespresso, Dolce Gusto, Lavazza A Modo Mio, FAP Espresso Point and Ground Coffee, 20 Bar, 0.8L, Adjustable Temperature and Quantity, Compact for Home and","119.,99 €",https://www.amazon.fr/-/en/Warriors1-Nespresso-Espresso-Adjustable-Temperature/dp/B0DL9PJ5GP/ref=sr_1_69,2025-07-25
"De'Longhi Stilosa EC230.BK Espresso Machine with Barista Bar, Coffee Maker and Cappuccino Machine, Black, 1100 W","99.,90 €",https://www.amazon.fr/-/en/DeLonghi-Stilosa-EC230-BK-Espresso-Cappuccino/dp/B085J8LV4F/ref=sr_1_70,2025-07-25
Bosch Tassimo Happy TAS1003 Capsule Coffee Maker Multi Drink Coffee Maker for Over 40 Drinks with Intellibrew Technology 1400 W Red,"54.,90 €",https://www.amazon.fr/-/en/Tassimo-TAS1003-Capsule-Intellibrew-Technology/dp/B07GQKR88T/ref=sr_1_71,2025-07-25
Nespresso Krups YY4118FD Citiz Coffee Machine Silver Capsule Coffee Maker,"169.,00 €",https://www.amazon.fr/-/en/Nespresso-YY4118FD-Coffee-Machine-Capsule/dp/B07N2X7FRR/ref=sr_1_72,2025-07-25
"Klarstein SteelPresso Touch Coffee Bean Machine - 20 Bars, 1350W, Touch Screen, Milk Frother, 1.5L Tank, Stainless Steel, Espresso & Cappuccino","116.,06 €",https://www.amazon.fr/-/en/Klarstein-SteelPresso-Touch-Coffee-Machine/dp/B0DTKSS78Z/ref=sr_1_73,2025-07-25
Tristar Espresso Machine 2 Cups at a Time | Fits Nespresso Capsules and Ground Coffee | Cup Warmer | Dishwasher Safe | 20 Bar | 1100 W | CM-2278,"84.,99 €",https://www.amazon.fr/-/en/Espresso-Nespresso-Capsules-Dishwasher-CM-2278/dp/B0CYC6MX5Q/ref=sr_1_74,2025-07-25
KOTLIE Versatile 5-in-1 Coffee Machine Compatible with Different Coffee Capsule Systems (EM-308A) White,"99.,99 €",https://www.amazon.fr/-/en/Versatile-Machine-Compatible-Different-EM-308A/dp/B0FB37YN79/ref=sr_1_75,2025-07-25
"KARACA Hatır Koz Turkish Coffee Machine with Roasting Function, Turkish Coffee Maker with 5 Cup Capacity, Turk Kahve Makinesi, Automatic Temperature Adjustment, Anthracite","48.,98 €",https://www.amazon.fr/-/en/Roasting-Automatic-Temperature-Adjustment-Anthracite/dp/B0BXPB9RSX/ref=sr_1_76,2025-07-25
"Bosch Tassimo My Way Coffee Machine, tas6503, Over 40 Hot Drinks, OneTouch, Pod Coffee Maker, Custom Drinks, Brita Maxtra+ Water Filtration, Intellibrew, Red","47.,60 €",https://www.amazon.fr/-/en/Tassimo-Machine-OneTouch-Filtration-Intellibrew/dp/B0897C8XBZ/ref=sr_1_77,2025-07-25
Nespresso Delonghi Pixie Coffee Machine Blue EN127.BL,"107.,00 €",https://www.amazon.fr/-/en/Nespresso-Delonghi-Coffee-Machine-EN127-BL/dp/B0CQPM89H9/ref=sr_1_78,2025-07-25
"SENCOR SES 4020SS Espresso Machine - Stylish Design with OneTouch Digital Control Panel, 20 Bars, Compact, Large Capacity and Complete Accessories","105.,64 €",https://www.amazon.fr/-/en/SENCOR-SES-4020SS-Espresso-Machine/dp/B0D45MZRRC/ref=sr_1_79_mod_primary_new,2025-07-25
"Cecotec Cafelizzia ColdBrew Express Coffee Machine. Touch Screen, ColdBrew System, 20 Bar Pressure Pump, Adjustable Steam Nozzle, Removable Tank 1.5L, Double Arm Outlet","63.,90 €",https://www.amazon.fr/-/en/Cafelizzia-ColdBrew-Machine-Adjustable-Removable/dp/B0BPYWV8RP/ref=sr_1_84,2025-07-25
"BEKO - Manual espresso machine, steam nozzle and milk jug","128.,00 €",https://www.amazon.fr/-/en/BEKO-Manual-espresso-machine-nozzle/dp/B0CQFXDKW3/ref=sr_1_85,2025-07-25
Nespresso Krups Essenza Mini Black Coffee Machine Capsule Coffee Maker XN110810,"93.,80 €",https://www.amazon.fr/-/en/Nespresso-Essenza-Machine-Capsule-XN110810/dp/B06XJ4G828/ref=sr_1_86,2025-07-25
Tristar 3-in-1 Multi-Capsule Coffee Machine - Compatible with Nespresso® and Dolce Gusto® Capsules - 19 Bar - BPA Free - CM-2301,"79.,90 €",https://www.amazon.fr/-/en/Tristar-Multi-Capsule-Coffee-Machine-Compatible/dp/B0DGLNNG1M/ref=sr_1_87,2025-07-25
KARACA Hatır Hüps Duet Beige Turkish coffee maker 1400 W Automatic coffee maker Turkish coffee maker Single coffee maker Traditional coffee,"109.,95 €",https://www.amazon.fr/-/en/KARACA-Turkish-coffee-Automatic-Traditional/dp/B09X5JLDF6/ref=sr_1_88,2025-07-25
"iceagle Espresso Coffee Machine 20-Bar Italian Pump | 1350W Stainless Steel Espresso Maker with Milk Frother, Coffee Maker and Cappuccino Machine, Touch Screen with Pressure Gauge, 1.3L","139.,99 €",https://www.amazon.fr/-/en/iceagle-Espresso-Stainless-Cappuccino-Pressure/dp/B0DPGFY2DR/ref=sr_1_89,2025-07-25
"GRUNDIG KSM 5330 Coffee Machine with Integrated Milk Container, 1628 W, Pump Pressure 15 Bar, Double Nozzle, Colour Touch Screen, BrewSense, CreamyPro, Dark Stainless Steel/Black","159.,99 €",https://www.amazon.fr/-/en/Integrated-Container-BrewSense-CreamyPro-Stainless/dp/B0CN1SRLDQ/ref=sr_1_90,2025-07-25
Nespresso Krups Vertuo Next Coffee Machine Light Grey Coffee Maker YY4298FD,"88.,14 €",https://www.amazon.fr/-/en/Nespresso-Vertuo-Coffee-Machine-YY4298FD/dp/B089BPVJRP/ref=sr_1_91,2025-07-25
Philips L'OR Barista LM8012/60 Coffee Machine Piano Black + 80 Capsules L'Or Assortment,"91.,40 €",https://www.amazon.fr/-/en/Philips-Barista-Machine-Capsules-Assortment/dp/B0B4BJBTG5/ref=sr_1_92,2025-07-25
"Bosch, coffee machine, TASSIMO FINESSE multi-beverage dispenser, TAS16B3, up to 70 hot drinks, IntensityBoost, INTELLIBREW™, lavender blue","36.,99 €",https://www.amazon.fr/-/en/multi-beverage-dispenser-IntensityBoost-INTELLIBREWTM-lavender/dp/B0BB7ZMGY8/ref=sr_1_93,2025-07-25
"Aigostar Barista Espresso and Cappuccino Coffee Maker, Compatible with Capsules and Ground Coffee, 20 Bars, Digital Touch Screen, 1 or 2 Cups, Coffee Maker with Milk Frother, 0.9 L, 1350 W, Stainless","119.,99 €",https://www.amazon.fr/-/en/Aigostar-Espresso-Cappuccino-Compatible-Stainless/dp/B0DBSLCDSH/ref=sr_1_94,2025-07-25
"Cecotec Cremmaet Compactccino White Rose Coffee Machine. 19 Bars, Thermoblock, Freshly Ground Coffee Beans with Plug & Play, 150 g Coffee Tank with Grinder, 1.1 L Water, 400 ml Milk","269.,00 €",https://www.amazon.fr/-/en/Cecotec-Cremmaet-Compactccino-Machine-Thermoblock/dp/B0DK5WX63G/ref=sr_1_95,2025-07-25
Tristar Capsule coffee maker - Compatible with Nespresso capsules - Removable drip tray - Spacious 900ml removable water tank - 20 bar pressure - 1400 W - CM-2300,"78.,59 €",https://www.amazon.fr/-/en/Tristar-Capsule-coffee-maker-Compatible/dp/B0CW6MGPY5/ref=sr_1_96,2025-07-25
"Philips SENSEO Coffee Pod Machine - Intensity Plus, Crema Plus, Memory Function, 2 Simultaneous Cups, Energy Saving (CSA240/61)","81.,00 €",https://www.amazon.fr/-/en/Philips-SENSEO-Coffee-Pod-Machine/dp/B08T9XRF91/ref=sr_1_97,2025-07-25
"VHV Portable Coffee Machine, 3 in 1 Electric Electric Heater, 12 V Espresso Coffee Maker, Rechargeable Coffee Maker, for Office, Travel, Home, Compatible with Espresso Capsules and Ground Coffee","54.,99 €",https://www.amazon.fr/-/en/Portable-Electric-Espresso-Rechargeable-Compatible/dp/B0F43RNS1H/ref=sr_1_98,2025-07-25
"Polti Coffea S15B, Machine À Café Expresso, Compatible Avec E.S.E; Réservoir 44 Mm, 0,85 L, Couleur Noire","139.,00 €",https://www.amazon.fr/-/en/Polti-Machine-Expresso-Compatible-R%C3%A9servoir/dp/B0CD7Q87QS/ref=sr_1_99,2025-07-25
"Cecotec Cafetière Superautomatique Compacte Cremmaet Compact. 1350 W, 19 Bars, Système de Chauffage par Thermobloc, Réservoir de 150 g de Café avec Moulin Intégré et 1,1 L, Nettoyage Automatique","189.,00 €",https://www.amazon.fr/-/en/Cecotec-Cafeti%C3%A8re-Superautomatique-Thermobloc-Automatique/dp/B0BPZYGXN4/ref=sr_1_100,2025-07-25
"Cecotec Power Instant-ccino 20 Touch Series Nera Semi-Automatic Coffee Machine, 1350 W, 20 Pressure Bars, 1.4 L, 6 Functions, Thermoblock Heating, Touch, Milk Tank","149.,00 €",https://www.amazon.fr/-/en/Instant-ccino-Semi-Automatic-Pressure-Functions-Thermoblock/dp/B07KJHVPKQ/ref=sr_1_101,2025-07-25
"De'Longhi Nespresso Essenza Mini EN85.R, Automatic Coffee Machine, Single Cup Capsule Machine, Welcome Set Included, Compact Design, Pressure 19 Bar, 1150 W, Ruby Red","74.,00 €",https://www.amazon.fr/-/en/DeLonghi-Nespresso-Automatic-Included-Pressure/dp/B073ZL4Y7F/ref=sr_1_102,2025-07-25
"Delta Q - Qool Evolution Black Coffee Machine + 2 Packs of 40 Qalidus Capsules - Coffee Maker with 19 Bar Pressure Caps, Automatic Operation, 3 Coffee Programming, 1 Litre Tank","81.,96 €",https://www.amazon.fr/-/en/Delta-Evolution-Automatic-Operation-Programming/dp/B09MFMP7SR/ref=sr_1_103,2025-07-25
"De'Longhi Vintage Icona Traditional Barista Pump Espresso Machine, Coffee Maker and Cappuccino, ECOV311BG, 1.4L, Cream","162.,10 €",https://www.amazon.fr/-/en/DeLonghi-Traditional-Espresso-Cappuccino-ECOV311BG/dp/B00S4U4W4I/ref=sr_1_104,2025-07-25
"Bosch Tassimo Finesse Friendly Multi-Drink Coffee Machine, TAS167P, Over 70 Hot Beverages, IntensityBoost, Pod Coffee Maker, Intellibrew, Cream","52.,30 €",https://www.amazon.fr/-/en/Multi-Drink-TAS167P-Beverages-IntensityBoost-Intellibrew/dp/B0CVHFKK4C/ref=sr_1_105,2025-07-25
NESCAFÉ DOLCE GUSTO INFINISSIMA TOUCH by Krups Automatic capsule coffee machine Taupe,"124.,99 €",https://www.amazon.fr/-/en/NESCAF%C3%89-INFINISSIMA-Automatic-capsule-machine/dp/B09DW7D5FL/ref=sr_1_106,2025-07-25
Nespresso Krups YY5506FD Inissia Coffee Maker Red Espresso Maker,"99.,99 €",https://www.amazon.fr/-/en/Nespresso-YY5506FD-Inissia-Coffee-Espresso/dp/B0D9W5774Y/ref=sr_1_107,2025-07-25
"Polti Coffea P10S, Machine Manuelle à Café espresso et Cappuccino, Compatible avec le Café Moulu et les Dosettes E.S.E. de 44 mm, Mousseur à lait, Réservoir amovible de 1,3L, Argenté","152,,00 €",https://www.amazon.fr/Polti-Cafeti%C3%A8re-express-COFFEA-P10S/dp/B0CYLXBMKT/ref=sr_1_101,2025-07-25
"Mcilpoog AC510 15Bar Semi Automatic Espresso Machine With Grinder & Steam Wand,3-in-1 Compact Espresso Coffee Maker With 28 oz Removable Water Tank for Cappuccino or Latte,Gift for Dad(Black)","105,,99 €",https://www.amazon.fr/Mcilpoog-Automatic-Espresso-Removable-Cappuccino/dp/B0CYLMVWBC/ref=sr_1_102,2025-07-25
90 Coffee Balls Espresso - Boules de café haut de gamme 100% compostable - Spécialement conçues pour l'utilisation de la machine à café CoffeB by Café Royal,"39,,88 €",https://www.amazon.fr/Coffee-Balls-Espresso-Sp%C3%A9cialement-lutilisation/dp/B0CJVPT6FJ/ref=sr_1_103,2025-07-25
"Melitta Avanza Gray, Coffee Machine with Grinder and Aroma Extraction System, Quiet, Easy Cappuccinatore Function, Mode 1 to 2 Cups, Automatic, F270-100, 1450W","429.,00 €",https://www.amazon.fr/Melitta-enti%C3%A8rement-automatique-6767843-inoxydable/dp/B07XTY6Y1M/ref=sr_1_104,2025-07-25
"Cafetière à Siphon, Coffee Maker En Verre, Cafetière Infusée à la Main, Machine à Café à Siphon Portable Kit, Cafetière Sous Vide, Machine à Thé Chaud, Pour la Maison Et le Bureau","51,,99 €",https://www.amazon.fr/Cafeti%C3%A8re-Infus%C3%A9e-Inoxydable-Machine-Classique/dp/B0CGRVBNSP/ref=sr_1_105,2025-07-25
"Philips Senseo Original Plus CSA210/20 Coffee Pod Machine (Coffee Power Selection, Coffee Boost Technology, Recycled Plastic), Mint","84.,99 €",https://www.amazon.fr/Philips-Senseo-CSA210-20-technologie/dp/B08Z4FX2H4/ref=sr_1_106,2025-07-25
LAMBDA COFFEE® Cafetière à expresso compatible avec l'induction 300 ml en acier inoxydable 5-6 tasses I Cafetière à moka d'extérieur | Machine à expresso,"64,,09 €",https://www.amazon.fr/LAMBDA-compatible-linduction-inoxydable-dext%C3%A9rieur/dp/B0C78KYP7S/ref=sr_1_107,2025-07-25
"Karaca Hatır Hüps Duet Turkish Coffee Maker Red 1400W Automatic Coffee Maker-Coffee Maker, Turkish Coffee Machiners- Simple Traditional Coffee","99.,95 €",https://www.amazon.fr/Karaca-Cafeti%C3%A8re-automatique-Coffee-Machines-traditionnel/dp/B09WRSQM5R/ref=sr_1_108_mod_primary_new,2025-07-25
"SIEMENS, fully automatic coffee machine, EQ6 plus s500, aromaDouble Shot, autoMilk Clean system, Ceramic grinder, coffeeSelect display, grey/black - Stainless steel TE655203RW","809.,22 €",https://www.amazon.fr/SIEMENS-automatique-aromaDouble-c%C3%A9ramique-coffeeSelect/dp/B076HZ1P4M/ref=sr_1_109,2025-07-25
Illy Pod Coffee Machine Y3.3 Espresso & Coffee 850 W Blue,"153.,00 €",https://www.amazon.fr/Illy-Machine-capsules-Iperespresso-Amalfi/dp/B08522ZZKR/ref=sr_1_110,2025-07-25
"Sjöstrand The Original Machine à Espresso – Compatible avec Nespresso, boîtier en acier inoxydable avec finition brossée","400,,00 €",https://www.amazon.fr/Sj%C3%B6strand-Capsules-dOrigine-Machine-Expresso/dp/B07HDVSTBY/ref=sr_1_111,2025-07-25
Arcelik Coffee Machine,"429,,00 €",https://www.amazon.fr/Arcelik-TKM-9961-Coffee-Machine/dp/B07SHF9TJB/ref=sr_1_112,2025-07-25
HiBREW Portable Coffee Machine with Case H4B_GN,"176.,10 €",https://www.amazon.fr/HiBREW-Portable-Coffee-Machine-H4B_GN/dp/B0D58L3W39/ref=sr_1_116_mod_primary_new,2025-07-25
"Bosh Tassimo Style Coffee Machine, TAS1102, Over 40 Hot Beverages, OneTouch, Pod Coffee Maker, Compact Size, Intellibrew, Black","46.,26 €",https://www.amazon.fr/Tassimo-TAS1102-Cafeti%C3%A8re-capsules-Bosch/dp/B08D9PGC9P/ref=sr_1_117,2025-07-25
"Sjöstrand Coffee Concept machine à café espresso à capsules, acier inoxydable avec finition brillante en or, compatible avec Nespresso M10001B","400,,00 €",https://www.amazon.fr/Sj%C3%B6strand-inoxydable-brillante-compatible-Nespresso/dp/B0BLHYRPWN/ref=sr_1_118,2025-07-25
FABER COFFEE MACHINES | Pro Total Inox Deluxe Model | ESE 44mm Coffee Pod Machine | Adjustable Brass Pressacialda | Series Solenoid Valve (Brass),"352.,33 €",https://www.amazon.fr/FABER-COFFEE-MACHINES-Pressacialda-%C3%A9lectrovanne/dp/B095CFRRKW/ref=sr_1_119,2025-07-25
"New Classic Toys Ensemble-Machine à Café-White, 3 ans to 9 ans, 10705, Blanc","22,,49 €",https://www.amazon.fr/New-Classic-Toys-Dimitation-Ensemble/dp/B07CFSHGHC/ref=sr_1_120,2025-07-25
"Philips Senseo Original Plus CSA210/90 Machine à café à dosettes (sélection de l'intensité du café, technologie Coffee Boost, en plastique recyclé) Rouge","89,,95 €",https://www.amazon.fr/Philips-Senseo-CSA210-90-technologie/dp/B08Z4B4LKF/ref=sr_1_121,2025-07-25
"Melitta CI Touch Silver, Coffee Machine with Double Grain Grinder, Quiet, My Coffee Memorization Function, Mode 1 to 2 Cups, F630-101,1400W","799.,00 €",https://www.amazon.fr/Melitta-Silencieuse-Fonction-M%C3%A9morisation-F630-101/dp/B0CTYH373W/ref=sr_1_122,2025-07-25
"Bunn GRX-B Coffee Maker, noir - Machine à café","237,,31 €",https://www.amazon.fr/Velocity-10-Cup-Coffee-Brewer-Bunn/dp/B000FFRZ26/ref=sr_1_123,2025-07-25
Siemens Pressure coffee machine TE 651319RW,"693,,97 €",https://www.amazon.fr/Siemens-SIEMENS-TE651319RW/dp/B0B2D57TNF/ref=sr_1_124,2025-07-25
FABER COFFEE MACHINES | Pro Deluxe Model | ESE 44mm Coffee Pod Machine | Brass Finish | Adjustable Brass Pressacialda | Series Solenoid Valve,"155.,00 €",https://www.amazon.fr/FABER-COFFEE-MACHINES-Pressacialda-Electrovanne/dp/B0DSQ4DGGB/ref=sr_1_125,2025-07-25
Diguo Luxury Balancing Siphon Coffee Machine Belgian Royal Family Fulcrum Elegant Double Fluted T Handle (Egyptian Black & Gold),"281.,79 €",https://www.amazon.fr/Diguo-Machine-d%C3%A9quilibrage-cannelure-%C3%A9gyptien/dp/B011E98I22/ref=sr_1_126_mod_primary_new,2025-07-25
"MHGLOVES Machine À Espresso Portative, Machine À Café French Press, Mug À Café De Transport Facile À Transporter À Thé Et À Café Bouteille, Idéal pour Commuter, Extérieur Et Bureau, 300Ml","40,,99 €",https://www.amazon.fr/MHGLOVES-Portative-Transport-Transporter-Bouteille/dp/B08GSTJ1CD/ref=sr_1_127,2025-07-25
"KRUPS Dolce Gusto NEO Coffee Machine by, Machine à café, Cafetière multi-boissons connectée KP850110","24,,95 €",https://www.amazon.fr/KRUPS-Cafeti%C3%A8re-multi-boissons-connect%C3%A9e-KP850110/dp/B0D9KGDGJV/ref=sr_1_132,2025-07-25
Purivita - Nettoyant Système de Lait - pour Machines à Café et Machines à Café Entièrement Automatiques 3000 ml,"28.,99 €",https://www.amazon.fr/Purivita-Nettoyant-syst%C3%A8me-machine-machines/dp/B083V4QSVS/ref=sr_1_133,2025-07-25
FABER COFFEE MACHINES | Petit modèle d'édition en laiton | Machine à café à dosettes ese 44mm | Pressacialda en laiton réglable (TOTAL WHITE),"229,,90 €",https://www.amazon.fr/FABER-COFFEE-MACHINES-plastique-Pressacialda/dp/B0C4Q1K8LN/ref=sr_1_134_mod_primary_new,2025-07-25
Ulka EP 5 Water Pump for Fully Automatic Coffee Machines - 230 V/50 Hz/48 W - Delonghi,"20.,11 €",https://www.amazon.fr/Ulka-Water-Automatic-Coffee-Machines/dp/B01N9HWF2Y/ref=sr_1_135,2025-07-25
FABER COFFEE MACHINES | Stainless Steel Slot Model | 44mm ese Pod Coffee Machine | Adjustable Brass Pressacialda (BORBOGN|BLACK),"155.,00 €",https://www.amazon.fr/FABER-COFFEE-MACHINES-inoxydable-Pressacialda/dp/B0C4Q12WQ4/ref=sr_1_136,2025-07-25
FABER COFFEE MACHINES | Model Pro Deluxe | Machine à café avec dosettes ese 44 mm | Finition chrome noir mat | Pressacialda en laiton,"347,,57 €",https://www.amazon.fr/FABER-COFFEE-MACHINES-dosettes-Pressacialda/dp/B0C4Q9FXMY/ref=sr_1_137_mod_primary_new,2025-07-25
"Mecity 3 in 1 Coffee Maker Single Serve Ground Coffee Machine for K-Cup Coffee Capsules, Loose Tea Coffee Maker, 6-10 Ounce Cup, 50 Ounce Removable Water Tank, 120V 1150W","161.,75 €",https://www.amazon.fr/Mecity-Cafeti%C3%A8re-capsules-cafeti%C3%A8re-r%C3%A9servoir/dp/B09X1SHWMG/ref=sr_1_138,2025-07-25
YULEESIYIP Portable Electric Espresso Coffee Machines 6oz Single Serve Mini Coffee Maker with Cup Coffee Powder and Capsule Bin 1200mAh Rechargeable Battery Automatic Brew for Camping Travel,"37.,89 €",https://www.amazon.fr/YULEESIYIP-Portable-Electric-Rechargeable-Automatic/dp/B0FFJ3RVQC/ref=sr_1_139,2025-07-25
"BAFOVY Cold Drip Coffee Machine - Découvrez L'art de la Cafetière Cold Brew, une Cafetière à Goutte à Goutte à 400 Ml avec Débit D'eau Réglable, une Machine à café Glacée à la Main,","43,,96 €",https://www.amazon.fr/BAFOVY-Cold-Drip-Coffee-Machine/dp/B0F1LY9S14/ref=sr_1_140,2025-07-25
FABER COFFEE MACHINES | Modèle Pro Deluxe | Machine à café à dosettes ese 44mm | Finition Chrome | Pressacialda en laiton (Pure White),"370,,00 €",https://www.amazon.fr/MACHINE-Dosettes-FABER-DELUXE-ARGENT/dp/B0B8VM7715/ref=sr_1_141_mod_primary_new,2025-07-25
"Slow Coffee machine with integrated grinder Melitta EPOS: unique brewing system and innovative design, matt black and gold","300.,48 €",https://www.amazon.fr/Machine-Coffee-moulin-int%C3%A9gr%C3%A9-Melitta/dp/B08JQ817CP/ref=sr_1_142,2025-07-25
Iuhtrb Coffee Fabricant Coffee Drip Machine Semi-Automatique Machine Café Texture en Acier Inoxydable Présent pour Les Amateurs Café,"78.,51 €",https://www.amazon.fr/Iuhtrb-Fabricant-Semi-Automatique-Inoxydable-Amateurs/dp/B0FCMTHFDJ/ref=sr_1_143,2025-07-25
Coffee prelcolation unit for the coffee machine compatible with Philips Saeco LatteGo Latte Go series EP12 EP22 EP32 EP33 EP35 EP50 EP53 EP59 Coffee Machine.,"82.,89 €",https://www.amazon.fr/Groupe-machine-Philips-LatteGo-Machine/dp/B0C3CYB4R6/ref=sr_1_144,2025-07-25
"Hoop Coffee Brewer Award-winning Radial Brew Machine, Effortless Extraction and No Bypass - Manual Drip Coffee Maker for Home, Cafe, Restaurant, Camping","33.,00 €",https://www.amazon.fr/Hoop-Coffee-Brewer-extraction-d%C3%A9rivation/dp/B0D4MPCKNJ/ref=sr_1_145,2025-07-25
Fiorky 170ML Capsule Coffee Machine Wireless Espresso Machine Rechargeable Car Coffee Machine Compatible with Capsule and Ground Coffee for Camping Travel Hiking,"43.,99 €",https://www.amazon.fr/Fiorky-Capsules-Rechargeable-Compatible-Randonn%C3%A9e/dp/B0CLYJ5HRH/ref=sr_1_146,2025-07-25
FABER COFFEE MACHINES | Pro Deluxe Model | ESE 44mm Coffee Pod Machine | Chrome Finish | Brass Pressacialda (British Green),"279.,00 €",https://www.amazon.fr/FABER-COFFEE-MACHINES-dosettes-Pressacialda/dp/B0C4Q934SG/ref=sr_1_147,2025-07-25
FABER COFFEE MACHINES | Modèle Pro Deluxe | Machine à café à dosettes ese 44mm | Finition Chrome | Pressacialda en laiton (Acid Green),"370,,00 €",https://www.amazon.fr/FABER-COFFEE-MACHINES-dosettes-Pressacialda/dp/B0C4QBBKQX/ref=sr_1_148_mod_primary_new,2025-07-25
FABER COFFEE MACHINES | Modèle Pro Mini Deluxe | Machine à café à dosettes ese 44mm | | Pressacialda en laiton réglable (TURQUOISE),"264,,90 €",https://www.amazon.fr/FABER-COFFEE-MACHINES-Pressacialda-TURQUOISE/dp/B0C4QG1L9X/ref=sr_1_149_mod_primary_new,2025-07-25
FABER COFFEE MACHINES | Small Edition Brass Slot Model | 44mm ese Pod Coffee Machine | Black Plastic Black | Brass Pressacialda,"254.,90 €",https://www.amazon.fr/FABER-COFFEE-MACHINES-plastique-Pressacialda/dp/B0C4Q41WMK/ref=sr_1_150,2025-07-25
FABER COFFEE MACHINES | Pro Mini Deluxe Model | ESE 44mm Coffee Pod Machine | Chrome Finish | Brass Pressacialda (Matt Black),"330.,00 €",https://www.amazon.fr/FABER-COFFEE-MACHINES-dosettes-Pressacialda/dp/B0C4QB8T2H/ref=sr_1_151,2025-07-25
"Tassimo, 40 Dosettes, Chai Latte Coffee Shop Selections, Compatibles avec les machines TASSIMO, 40 Chai Latte, Doux et Epicé, 5 packs de 8 dosettes","27,,45 €",https://www.amazon.fr/Tassimo-Caf%C3%A9-Chai-Latte-dosettes/dp/B07Z443S69/ref=sr_1_152,2025-07-25
Louttary Espresso Coffee Maker Hand Press Capsule Ground Coffee Brewer Portable Coffee Machine Fit Coffee Powder Coffee Capsule,"34.,42 €",https://www.amazon.fr/Louttary-Espresso-Capsule-Portable-Machine/dp/B0CM2XM9FB/ref=sr_1_153,2025-07-25
CoffeeB by café royal - Globe White: coffee machine designed for the use of Coffee Balls,"41.,99 €",https://www.amazon.fr/CoffeeB-caf%C3%A9-royal-machine-lutilisation/dp/B0D1V56CRX/ref=sr_1_154,2025-07-25
"Esprova Portable Espresso Machine-Portable Electric Coffee Maker for Travel Camping, 3-in-1 Self-Heating Espresso Maker, Compatible with Ground Coffee and Capsules, Compact Lightweight (Black)","75,,09 €",https://www.amazon.fr/Portable-Machine-Portable-Self-Heating-Compatible-Lightweight/dp/B0FFZ992X6/ref=sr_1_155,2025-07-25
"Winwj Portable Coffee Machine, Portable Electric Coffee Maker, 12V Espresso Machine for Camping, Travel and Car, Self-Warming, Compatible with Ground Coffee and NS Capsules","54.,99 €",https://www.amazon.fr/-/en/Portable-Electric-Espresso-Self-Warming-Compatible/dp/B0DKJLNGWY/ref=sr_1_149,2025-07-25
"Melitta Purista Noire, Grain Coffee Machine with Grinder and Aroma Extraction System, Quiet, Mode 1 to 2 Cups, Espresso, F230-102, 1450W, Black","388.,40 €",https://www.amazon.fr/-/en/Melitta-Purista-Extraction-Espresso-F230-102/dp/B07TVNNZCY/ref=sr_1_150,2025-07-25
"CERA+ Portable Coffee Maker with Battery, Coffee Powder and NS Capsules for Self-Heating Espresso Machine with Carry Case for Travel Campers","122.,43 €",https://www.amazon.fr/-/en/Portable-Battery-Capsules-Self-Heating-Espresso/dp/B0DFYFL8TR/ref=sr_1_151,2025-07-25
MAKITA COFFEE MACHINE 18V OR 12V LI-ION (PRODUCT ONLY) - DCM501Z,"95.,46 €",https://www.amazon.fr/-/en/MAKITA-COFFEE-MACHINE-LI-ION-PRODUCT/dp/B072FQ3YN4/ref=sr_1_152,2025-07-25
"SIEMENS, fully automatic coffee machine, EQ500, aromaDouble Shot, autoMilk Clean, ceramDrive, coffeeSelect headband, double cup function, Black/Silver, TQ513R01","759.,00 €",https://www.amazon.fr/-/en/automatic-aromaDouble-ceramDrive-coffeeSelect-TQ513R01/dp/B0CS6BWKXX/ref=sr_1_153,2025-07-25
"Krups Coffee Bean Machine, Espresso Machine, 2 Cups Simultaneously, LCD Screen, Automatic Cleaning, Steam Nozzle, Stainless Steel Milk Jug Included for Cappuccino, Essential Espresso Coffee Maker","399.,99 €",https://www.amazon.fr/-/en/Simultaneously-Automatic-Stainless-Cappuccino-Essential/dp/B00UTJQLZK/ref=sr_1_154,2025-07-25
"PZCC Portable Coffee Machine, 3 in 1 Electric Electric Heater, 12 V Espresso Coffee Maker, Rechargeable Coffee Maker, for Office, Travel, Home, Compatible with Espresso Capsules and Ground Coffee","36.,99 €",https://www.amazon.fr/-/en/Portable-Electric-Espresso-Rechargeable-Compatible/dp/B0F249KZYG/ref=sr_1_155,2025-07-25
"Krups Espresseria Latt, Tank 1.7 L, 1450 W, Steel Grain Coffee Maker, Grinder, One-touch Cappuccino, Automatic Cleaning, Pressure 15 Bars, Made in France YY4201FD","241.,99 €",https://www.amazon.fr/-/en/Espresseria-One-touch-Cappuccino-Automatic-YY4201FD/dp/B07Q1YW9QC/ref=sr_1_156,2025-07-25
"VHV Portable Travel Coffee Machine, Fast Heating 3 in 1 Portable Coffee Maker, 12V Self-Heating 4-6 Minutes, Large Capsules, Ground Coffee, For Camping, Office, Home, Car (Ash)","51.,99 €",https://www.amazon.fr/-/en/Portable-Machine-Heating-Self-Heating-Capsules/dp/B0DN1C51YP/ref=sr_1_157,2025-07-25
HIBREW H1B 6-in-1 Programmable Espresso Hot / Cold Espresso Machine - Adjustable Temperature and Cup Volume,"135.,95 €",https://www.amazon.fr/-/en/HIBREW-H1B-Programmable-Espresso-Machine/dp/B0CS6M9PP9/ref=sr_1_158,2025-07-25
"Portable Coffee Maker, BESCOST Coffee Maker, 3 in 1 Coffee Maker, Compatible with Espresso Capsules and Coffee Powder, 12V Rechargeable for Travel, Camping, Car, Home (Black)","49.,99 €",https://www.amazon.fr/-/en/Portable-Compatible-Espresso-Capsules-Rechargeable/dp/B0F1TNR2GY/ref=sr_1_159,2025-07-25
"VHV Portable Travel Coffee Machine, 12 V Fast Heating 3 in 1 Portable Coffee Maker, Self-Heating 4 to 6 Minutes, Large Capsules, Ground Coffee, for Camping, Office, Home, Car (Black)","65.,99 €",https://www.amazon.fr/-/en/Portable-Machine-Heating-Self-Heating-Capsules/dp/B0F23TC62K/ref=sr_1_160,2025-07-25
"De'Longhi Dedica Arte EC 885.​GY Espresso Machine with MyLatterArt Milk Foam Nozzle, Compact Design, 15 cm Wide, 1 Litre Water Tank, E.S.E Pads Grey","255.,13 €",https://www.amazon.fr/-/en/DeLonghi-Espresso-Machine-MyLatterArt-Compact/dp/B0B8DTVKPV/ref=sr_1_164,2025-07-25
"De'Longhi Magnifica S Smart Coffee Bean Machine ECAM230.13.B, Espresso and Cappuccino Machine, 1.8L, 1450W, Black [Amazon Exclusive]","417.,10 €",https://www.amazon.fr/-/en/DeLonghi-Magnifica-ECAM230-13-B-Cappuccino-Exclusive/dp/B084SC7KT6/ref=sr_1_165,2025-07-25
"Philips Domestic Appliances SENSEO Switch Coffee Pod and Filter Machine - 2-in-1 Technology, 1 L Water Tank, 7 Cups in One Time, Red (HD6592/85)","114.,98 €",https://www.amazon.fr/-/en/Philips-Domestic-Appliances-SENSEO-Machine/dp/B0B1J7WK9J/ref=sr_1_166,2025-07-25
"De'Longhi Magnifica Start ECAM222.60.BG, Automatic Grain Coffee Machine with LatteCrema, Espresso Maker with 4 One-Touch Recipes, Soft Touch Control Panel, 1450 W, Black","499.,99 €",https://www.amazon.fr/-/en/Magnifica-ECAM222-60-BG-Automatic-LatteCrema-One-Touch/dp/B0CCF5KCBQ/ref=sr_1_167,2025-07-25
"De'Longhi Automatic Coffee Machine, Black, H x W x D: 34 x 28 x 38 cm","436.,84 €",https://www.amazon.fr/-/en/DeLonghi-Automatic-Coffee-Machine-Black/dp/B000OC7SZ4/ref=sr_1_168,2025-07-25
RECAFIMIL 3 in 1 Portable Electric Espresso Machine 12V 12V - One Click Extraction Coffee Maker with No Heating Function Compatible with NS and DG Capsules and Coffee Grounds for Office and,"52.,99 €",https://www.amazon.fr/-/en/RECAFIMIL-Portable-Electric-Espresso-Machine/dp/B0DP9CYR5S/ref=sr_1_169,2025-07-25
"Wessper Aquaclean Filter Cartridge Compatible with Philips and Saeco Coffee Maker, Water Filter with Activated Carbon – 2 Pieces, Blue","9.,99 €",https://www.amazon.fr/-/en/Wessper-Aquaclean-Cartridge-Compatible-Activated/dp/B08NF5GP2N/ref=sr_1_170,2025-07-25
SIEMENS EQ.500 Classic TP503R09 – Automatic Coffee Machine with TFT Display – Bean Tray and Ground Coffee Tank – 6 Programs – iAroma System – Colour: Black,"569.,00 €",https://www.amazon.fr/-/en/SIEMENS-EQ-500-Classic-TP503R09-Automatic/dp/B07VMSSJRH/ref=sr_1_171,2025-07-25
Handpresso - E-PRESSO+ portable coffee maker and suitcase - portable coffee machine USB battery | 90ml tank | 3x2.9 mA battery | portable coffee maker travel espresso capsules or ground coffee,"169.,00 €",https://www.amazon.fr/-/en/Handpresso-PRESSO-portable-suitcase-espresso/dp/B0CGVSDT6Z/ref=sr_1_172,2025-07-25
"Portable Coffee Maker, Travel Coffee Maker for Camping, 3 in 1 Espresso Coffee Maker, Multi Capsule Coffee Machine, for Camping, Office, Home, Car (Black)","50.,99 €",https://www.amazon.fr/-/en/Portable-Camping-Espresso-Capsule-Machine/dp/B0F4DF4GQ3/ref=sr_1_173,2025-07-25
"Idena 40243 - Toy Coffee Machine with Sound and Light Effects, Kitchen Appliance for Children with Different Functions","26.,99 €",https://www.amazon.fr/-/en/Idena-40243-Appliance-Different-Functions/dp/B0C7ZQSJJ1/ref=sr_1_174,2025-07-25
"ALNOTEC SILVER Portable Espresso Coffee Maker 20 Bars Rechargeable Self-Heating Coffee Machine Compatible with NES Capsules, DG & Ground Coffee, USB Charger, 220 V and Car – Cover + Drip Holder","129.,99 €",https://www.amazon.fr/-/en/Portable-Espresso-Rechargeable-Self-Heating-Compatible/dp/B0F2TMY4M8/ref=sr_1_175,2025-07-25
Krups Evidence EA895N10 coffee maker Fully-auto Espresso machine 2.3 L,"549.,99 €",https://www.amazon.fr/-/en/Evidence-EA895N10-Fully-auto-Espresso-machine/dp/B07X9ZJ536/ref=sr_1_180,2025-07-25
Sage - The Barista Express - Grain Coffee Machine with Manual Milk Frother - Black Truffle,"611.,52 €",https://www.amazon.fr/-/en/Sage-Barista-Express-Machine-Frother/dp/B07HRCQ7L3/ref=sr_1_181,2025-07-25
"De'Longhi Dinamica Plus, Coffee and Cappuccino Machine with Grinder, ECAM372.95.TB, Titanium/Black","639.,00 €",https://www.amazon.fr/-/en/DeLonghi-Dinamica-Cappuccino-ECAM372-95-TB-Titanium/dp/B09YHCN7V3/ref=sr_1_182,2025-07-25
"De'Longhi Eletta Evo Coffee Bean Machine ECAM46.860.B, Espresso and Cappuccino Machine, LCD Touch Screen, Black","692.,93 €",https://www.amazon.fr/-/en/DeLonghi-Machine-ECAM46-860-B-Espresso-Cappuccino/dp/B08FXDVJ5Z/ref=sr_1_183_mod_primary_new,2025-07-25
"ALNOTEC Black Portable Espresso Coffee Maker 20 Bar Rechargeable Self-Heating Coffee Machine Compatible with NES Capsules, DG & Ground Coffee, USB Charger, 220 V and Car – Cover + Drip Holder","129.,99 €",https://www.amazon.fr/-/en/Portable-Espresso-Rechargeable-Self-Heating-Compatible/dp/B0F2TH57DH/ref=sr_1_184,2025-07-25
"CERA+ Portable Electric Espresso Machine Self-Heating in 3-4 Minutes, Mini 20 Bar with Rechargeable Battery, Compatible with NS Capsules and Ground Coffee for Travel","114.,73 €",https://www.amazon.fr/-/en/Portable-Electric-Self-Heating-Rechargeable-Compatible/dp/B0BQXRBTKK/ref=sr_1_185,2025-07-25
"Portable Capsule Coffee Machine, Travel Capsule Coffee Makers For Camping, Coffee Maker Coffee Machine Self-Heating Capsule For USB-C, Portable Electric Espresso Machine","49.,99 €",https://www.amazon.fr/-/en/Portable-Capsule-Self-Heating-Electric-Espresso/dp/B0DYVBDGY2/ref=sr_1_186,2025-07-25
COTGCO Portable Espresso Machine: Coffee Maker Electric Travel Heater for 12V Car and Camping – Compatible with Nespresso Capsules and Starbucks Capsules,"113.,99 €",https://www.amazon.fr/-/en/COTGCO-Portable-Espresso-Machine-Compatible/dp/B0CZ7WSH1N/ref=sr_1_187,2025-07-25
"Outin Nano Portable Electric Espresso Machine Carry Bag, Multi-Compartment for Multi-Storage Use, Portable Coffee Maker Designed for Travel, Outdoor","39.,99 €",https://www.amazon.fr/-/en/Portable-Electric-Espresso-Multi-Compartment-Multi-Storage/dp/B0C4SPV4CB/ref=sr_1_188,2025-07-25
"FAMKIT Portable Espresso Machine, 12 V Rechargeable 15 Bar Pressure Fast Heating Compatible with Small/Large Capsules and Ground Coffee, for Camping, Office, Travel (Grey)","54.,88 €",https://www.amazon.fr/-/en/Portable-Espresso-Rechargeable-Pressure-Compatible/dp/B0DK6SQWZX/ref=sr_1_189,2025-07-25
"Umisu Portable Capsule Coffee Machine, 3 in 1 Capsule Espresso Coffee Makers and Ground Coffee Electric Espresso Machine Fast Heating for Office Travel Camping Home (Black)","62.,99 €",https://www.amazon.fr/-/en/Portable-Capsule-Machine-Espresso-Electric/dp/B0F2SV3P64/ref=sr_1_190,2025-07-25
"Portable Coffee Machine, Portable Electric Heating Coffee Maker, 20 Bar Espresso Machine for Home, Camping, Travel, 3 in 1 Compatible with Ground Coffee and NS Capsules, 80ml Water Tank","69.,99 €",https://www.amazon.fr/-/en/Portable-Electric-Espresso-Compatible-Capsules/dp/B0FBNTF3NJ/ref=sr_1_191,2025-07-25
Coffee Machine Cleaning Tablets 40 x 2 g – Compatible with All Brands,"11.,99 €",https://www.amazon.fr/-/en/Coffee-Machine-Cleaning-Tablets-Compatible/dp/B01N02TG8E/ref=sr_1_192,2025-07-25
"Nicoone 12V Portable Car Espresso Machine, Compatible with NES DG Capsule Ground Coffee for Camping Hiking Office","53.,20 €",https://www.amazon.fr/-/en/Nicoone-Portable-Espresso-Machine-Compatible/dp/B0DKJHR9P2/ref=sr_1_193,2025-07-25
"Original brewing unit for espresso coffee machine EQ.500 Bosch, Siemens - 11040688","143.,75 €",https://www.amazon.fr/-/en/Original-brewing-espresso-machine-Siemens/dp/B0DZHQKDM1/ref=sr_1_194,2025-07-25
"BRITA Intenza water filter, specially designed for Siemens, compatible with all fully automatic built-in coffee machines and EQ series, TZ70003","9.,99 €",https://www.amazon.fr/-/en/specially-designed-compatible-automatic-machines/dp/B001L4QL6G/ref=sr_1_195,2025-07-25
"ALNOTEC Espresso Portable Electric Self-Heating Coffee Machine, 20BAR – 3 in 1 Compatible Capsules NES, DG and Ground Coffee – 220V Chargers, USB and Car Chargers – Cold/Hot Brewing – Rechargeable.","74.,99 €",https://www.amazon.fr/-/en/ALNOTEC-Espresso-Portable-Electric-Self-Heating/dp/B0DDCCTCQ2/ref=sr_1_196,2025-07-25
"PURIVITA® Universal Coffee Machine Tablets [30 CAPS] - Capsule for All Brands Jura, Krups & Co - Cleaning Tablets - Cleaning Tablets - Coffee Machine Cleaning Tablets - Cleanse Tablets","7.,99 €",https://www.amazon.fr/-/en/PURIVITA%C2%AE-Universal-Coffee-Machine-Tablets/dp/B0CVH33P29/ref=sr_1_197,2025-07-25
"LAMA Mini Portable Coffee Machine, Electric Capsule Maker, Compatible with Capsules and Powder, Instant Heating for Camping, Car, Travel, Black","49.,99 €",https://www.amazon.fr/-/en/Portable-Machine-Electric-Compatible-Capsules/dp/B0DLB5HQ82/ref=sr_1_198,2025-07-25
"ODS - Maisonelle Nature, My First Coffee Machine, Wooden Children's Toy, with Pods, Cup, Spoon, Milk, 16.2 x 9 x 17 cm, Recommended Age +3 Years","15.,75 €",https://www.amazon.fr/-/en/ODS-Maisonelle-Machine-Childrens-Recommended/dp/B0BK9XJHVD/ref=sr_1_199,2025-07-25
"New Classic Toys Coffee Machine Set, White, 3 Years to 9 Years, 10705, White","22.,49 €",https://www.amazon.fr/-/en/Classic-Coffee-Machine-White-10705/dp/B07CFSHGHC/ref=sr_1_200,2025-07-25
Janod - Barista Children's Wooden Coffee Machine - with Manual Coffee Grinder - 20 Accessories Included in Wood and Felt - Imitation Toy - Develops Imagination - Ages 3 and Above - J06644,"34.,99 €",https://www.amazon.fr/-/en/Janod-Childrens-Accessories-Imitation-Imagination/dp/B0DTQSGQT7/ref=sr_1_201,2025-07-25
"80 Cleaning Tablets for Jura, Krups, Melitta, Delonghi, Siemens, Philips, Bosch, Tassimo, Nespresso, Sage, Senseo Automatic Coffee Machines and Coffee Makers - Coffeeano Cleaner","13.,99 €",https://www.amazon.fr/-/en/Cleaning-Delonghi-Nespresso-Automatic-Machines/dp/B094JCP6LY/ref=sr_1_202,2025-07-25
Tablet descaler for coffee machines - 6 x 16 g compatible with machines,"13.,99 €",https://www.amazon.fr/-/en/Tablet-descaler-coffee-machines-compatible/dp/B0928T3DMT/ref=sr_1_203,2025-07-25
